name,date,home
Home Ing,2/9/2018,false
Y-find,8/4/2017,true
Zamit,5/31/2017,false
Duobam,4/13/2017,true
Solarbreeze,8/1/2017,true
Domainer,8/14/2017,true
Zoolab,1/2/2018,true
Toughjoyfax,2/9/2018,true
Flowdesk,7/15/2017,false
Lotlux,6/11/2017,false
Holdlamis,11/18/2017,true
Voyatouch,8/1/2017,false
Tres-Zap,11/7/2017,false
Toughjoyfax,5/4/2017,false
Y-find,4/12/2017,true
Redhold,9/1/2017,false
Voyatouch,7/21/2017,false
Wrapsafe,5/25/2017,false
Tres-Zap,12/19/2017,false
Konklab,9/2/2017,false
Job,11/6/2017,true
Stim,11/11/2017,true
Vagram,1/2/2018,false
Konklab,8/30/2017,true
Tresom,1/20/2018,false
Quo Lux,9/20/2017,false
Tin,9/25/2017,false
Veribet,1/21/2018,true
Holdlamis,3/16/2018,false
Redhold,3/2/2018,true
Fintone,3/24/2018,false
Viva,8/25/2017,false
Voltsillam,7/20/2017,false
Pannier,1/28/2018,true
Cookley,12/7/2017,false
Zaam-Dox,11/21/2017,false
Regrant,11/28/2017,false
Cookley,7/3/2017,false
Otcom,5/29/2017,false
Fintone,3/26/2018,false
Prodder,11/3/2017,true
Andalax,5/10/2017,true
Duobam,5/19/2017,true
Span,11/4/2017,true
Bytecard,2/13/2018,false
Otcom,1/5/2018,false
Gembucket,11/22/2017,false
Voyatouch,12/22/2017,false
Zamit,8/18/2017,true
Redhold,10/11/2017,true
